cluster,x,y
0,-50.12897168865664,-27.501508709592088
1,18.867612374003826,-95.40558293881696
2,-2.309223809816089,-89.30963264265897
3,-92.46013817536327,43.370952522187366
4,-51.175471867500846,-9.828390741623721
5,-56.55354192816382,91.36319169117903
